"Freq [MHz]","re(Zt(1_T1,1_T1)) []","mag(Zt(1_T1,1_T1)) []","im(Zt(1_T1,1_T1)) []","ang_deg_val(Zt(1_T1,1_T1)) []","re(Zt(2_T1,1_T1)) []","mag(Zt(2_T1,1_T1)) []","im(Zt(2_T1,1_T1)) []","ang_deg_val(Zt(2_T1,1_T1)) []","re(Zt(2_T1,2_T1)) []","mag(Zt(2_T1,2_T1)) []","im(Zt(2_T1,2_T1)) []","ang_deg_val(Zt(2_T1,2_T1)) []"
6.78,0.0936159743920056,100.620073009715,100.620029459992,89.9466925351864,0.00103005075975191,2.05746733640201,2.05746707855961,89.9713154310451,0.057447518800155,106.896343635791,106.896328199259,89.9692084834969
