"Freq [MHz]","re(Zt(1_T1,1_T1)) []","mag(Zt(1_T1,1_T1)) []","im(Zt(1_T1,1_T1)) []","ang_deg(Zt(1_T1,1_T1)) [deg]","re(Zt(2_T1,1_T1)) []","mag(Zt(2_T1,1_T1)) []","im(Zt(2_T1,1_T1)) []","ang_deg(Zt(2_T1,1_T1)) [deg]","re(Zt(2_T1,2_T1)) []","mag(Zt(2_T1,2_T1)) []","im(Zt(2_T1,2_T1)) []","ang_deg(Zt(2_T1,2_T1)) [deg]"
6.78,0.0776446095101341,92.4782969215754,92.4782643264334,89.9518945623175,0.00173931743352607,2.35541332241096,2.35541268022525,89.9576908408035,0.0756980330000307,118.574100297208,118.574076134289,89.9634222136868
