"Freq [MHz]","re(Zt(1_T1,1_T1)) []","mag(Zt(1_T1,1_T1)) []","im(Zt(1_T1,1_T1)) []","ang_deg(Zt(1_T1,1_T1)) [deg]","re(Zt(2_T1,1_T1)) []","mag(Zt(2_T1,1_T1)) []","im(Zt(2_T1,1_T1)) []","ang_deg(Zt(2_T1,1_T1)) [deg]","re(Zt(2_T1,2_T1)) []","mag(Zt(2_T1,2_T1)) []","im(Zt(2_T1,2_T1)) []","ang_deg(Zt(2_T1,2_T1)) [deg]"
6.78,0.0574734661062937,79.5076216827911,79.5076009099415,89.9585827464215,-0.00175267621374733,2.3857267185906,-2.38572607478796,-90.0420923981574,0.132397071035949,146.176095078357,146.176035119894,89.9481050959573
