"Freq [MHz]","re(Zt(1_T1,1_T1)) []","mag(Zt(1_T1,1_T1)) []","im(Zt(1_T1,1_T1)) []","ang_deg(Zt(1_T1,1_T1)) [deg]","re(Zt(2_T1,1_T1)) []","mag(Zt(2_T1,1_T1)) []","im(Zt(2_T1,1_T1)) []","ang_deg(Zt(2_T1,1_T1)) [deg]","re(Zt(2_T1,2_T1)) []","mag(Zt(2_T1,2_T1)) []","im(Zt(2_T1,2_T1)) []","ang_deg(Zt(2_T1,2_T1)) [deg]"
6.78,0.0592485711247016,81.3278272104146,81.3278056286647,89.9582591410057,0.00186209439282606,2.47900750974421,2.47900681039255,89.956962550788,0.127338710265965,146.140148196139,146.140092718057,89.9500755153175
